<?xml version="1.0" encoding="UTF-8" ?>
<!DOCTYPE configuration
        PUBLIC "-//mybatis.org//DTD Config 3.0//EN"
        "http://mybatis.org/dtd/mybatis-3-config.dtd">
<configuration>
    <!--注册属性文件-->
    <properties resource="jdbc.properties"/>
    <typeAliases>
        <!--为单个实体类指定别名-->
        <!--<typeAlias type="com.abc.bean.Student" alias="Student"></typeAlias>-->
        <!--为某一个包下的所有实体类指定别名-->
        <package name="com.abc.bean"/>
    </typeAliases>
    <!--数据源-->
    <!--默认使用的环境-->
    <environments default="MySQLEM">
    <environment id="MySQLEM">
        <transactionManager type="JDBC"/>
        <dataSource type="POOLED">
            <property name="driver" value="${jdbc.driver}"/>
            <property name="url" value="${jdbc.url}"/>
            <property name="username" value="${jdbc.username}"/>
            <property name="password" value="${jdbc.password}"/>
        </dataSource>
    </environment>
        <environment id="OracleEM">
            <transactionManager type="JDBC"/>
            <dataSource type="POOLED">
                <property name="driver" value="${jdbc.driver}"/>
                <property name="url" value="${jdbc.url}"/>
                <property name="username" value="${jdbc.username}"/>
                <property name="password" value="${jdbc.password}"/>
            </dataSource>
        </environment>
    </environments>
    <mappers>
        <!--<mapper resource="com/abc/dao/mapper.xml"/>-->
        <mapper class="com.abc.dao.IStudentDao"/>
        <!--注册com.abc.dao包所有-->
        <!--<package name="com.abc.dao"/>-->
    </mappers>
</configuration>
