<?xml version="1.0" encoding="UTF-8"?>
<!DOCTYPE mapper
        PUBLIC "-//mybatis.org//DTD Mapper 3.0//EN"
        "http://mybatis.org/dtd/mybatis-3-mapper.dtd">
<mapper namespace="com.abc.dao.IStudentDao">
    <!--这里的parameterType类型可以不写parameterType="com.abc.bean.Student"-->
    <!--SQL语句中的values中的内容，要求必须是#{}，其中name,age,score是参数对象特征
    其底层是通过反射机制从参数对象的get方法中获取其对应的属性值-->
    <insert id="insertStudent" >
        insert into student(name,age,score) values (#{name},#{age},#{score})
    </insert>
    <insert id="insertStudentCatchId" >
        insert into student(name,age,score) values (#{name},#{age},#{score})
        <selectKey resultType="int" keyProperty="id" order="AFTER">
            select last_insert_id()
        </selectKey>
    </insert>

    <update id="updateStudent">
        update student set name=#{name},age=#{age},score=#{score} where id=#{id}
    </update>
    <!---->
    <delete id="deleteById">
        delete from student where id=#{id}
    </delete>

    <select id="selectAllStudent" resultType="Student">
        select * from student
    </select>

    <select id="selectStudentById" resultType="Student">
        select * from student where id=#{id}
    </select>
    <!--%字符串通配符，代表任意长度的字符串
    select id,name,age,score from student where name like '%' #{name} '%'
    select id,name,age,score from student where name like concat('%' #{name} '%')函数
    select id,name,age,score from student where name like '%${value}%'
    -->
    <select id="selectStudentByName" resultType="Student">
        select id,name,age,score from student where name like '%' #{name} '%'
    </select>

    <select id="selectStudentByCondition" resultType="Student">
        select id,name,age,score from student where name like '%' #{name} '%'and age &lt; #{age}
    </select>

    <!--当传递进来的参数类型为Map时，参数为key
    select id,name,age,score from student where name like '%' #{sname} '%'and age &lt; #{sage}-->
    <select id="selectStudentByCondition2" resultType="Student">
        select id,name,age,score from student where name like '%' #{stu1.name} '%'and age &lt; #{stu2.age}
    </select>

    <!--
        #{}可填写的内容：
        1）参数为基本数据类型或者String，占位符的作用，任意内容
        2）参数对象的属性名
        3）map的key
        4）当map的key是对象时，mao的key的属性
    -->
</mapper>